date,sentiment,fg_value,market_pnl,market_wr,market_lev,market_trades,long_pct
2023-01-01,Fear,11,-123576.53,0.4819277108433735,7.414457831325301,83,0.39759036144578314
2023-01-02,Fear,37,109354.64,0.5394736842105263,6.405263157894737,76,0.4868421052631579
2023-01-03,Greed,81,120944.86000000002,0.6263736263736264,10.262637362637362,91,0.6703296703296703
2023-01-04,Fear,25,-89252.85,0.4533333333333333,8.496,75,0.4
2023-01-05,Fear,19,-129919.19,0.45454545454545453,7.696103896103897,77,0.36363636363636365
2023-01-06,Fear,40,-11131.040000000005,0.5373134328358209,7.6447761194029855,67,0.417910447761194
2023-01-07,Fear,20,33290.85,0.5223880597014925,7.849253731343283,67,0.34328358208955223
2023-01-08,Fear,37,-38187.270000000004,0.43209876543209874,7.214814814814814,81,0.3950617283950617
2023-01-09,Greed,86,109879.78,0.5925925925925926,10.481481481481481,54,0.5555555555555556
2023-01-10,Greed,77,781202.7799999999,0.5362318840579711,11.210144927536232,69,0.5652173913043478
2023-01-11,Fear,23,19451.100000000002,0.45588235294117646,7.45,68,0.39705882352941174
2023-01-12,Fear,17,-41244.28,0.4852941176470588,7.7441176470588236,68,0.36764705882352944
2023-01-13,Greed,71,70818.03,0.6363636363636364,11.062337662337661,77,0.6103896103896104
2023-01-14,Fear,25,-3204.120000000001,0.4482758620689655,7.375862068965517,58,0.3793103448275862
2023-01-15,Fear,14,77798.78,0.4696969696969697,7.760606060606062,66,0.2878787878787879
2023-01-16,Fear,40,50165.619999999995,0.4931506849315068,8.417808219178083,73,0.4246575342465753
2023-01-17,Fear,20,5294.08,0.5633802816901409,8.183098591549296,71,0.36619718309859156
2023-01-18,Fear,26,73879.31999999999,0.5,7.403846153846154,78,0.44871794871794873
2023-01-19,Fear,41,-65734.95999999999,0.463768115942029,7.3478260869565215,69,0.3188405797101449
2023-01-20,Fear,29,56209.59999999999,0.5833333333333334,8.245833333333334,72,0.4027777777777778
2023-01-21,Fear,9,-12686.08,0.475,7.6625,80,0.4
2023-01-22,Fear,42,290.4500000000022,0.4642857142857143,8.1,84,0.39285714285714285
2023-01-23,Fear,30,-68824.18999999999,0.5211267605633803,7.114084507042253,71,0.4788732394366197
2023-01-24,Fear,18,-26959.850000000002,0.45454545454545453,7.555844155844155,77,0.4025974025974026
2023-01-25,Fear,10,-4379.079999999996,0.42105263157894735,7.546052631578948,76,0.4473684210526316
2023-01-26,Fear,36,321.54999999999836,0.5789473684210527,7.7368421052631575,57,0.40350877192982454
2023-01-27,Greed,82,-70410.82999999999,0.4782608695652174,10.478260869565217,69,0.5942028985507246
2023-01-28,Greed,70,-197499.90999999997,0.46875,11.19375,64,0.609375
2023-01-29,Greed,72,185232.65999999997,0.6029411764705882,11.295588235294119,68,0.6764705882352942
2023-01-30,Greed,64,70073.60999999999,0.4857142857142857,11.2,70,0.6285714285714286
2023-01-31,Greed,69,199344.05000000002,0.45588235294117646,11.280882352941177,68,0.7058823529411765
2023-02-01,Greed,64,224290.06,0.6428571428571429,10.984523809523811,84,0.5357142857142857
2023-02-02,Greed,57,197718.56,0.6341463414634146,9.964634146341464,82,0.5853658536585366
2023-02-03,Greed,79,-80180.72999999998,0.5254237288135594,11.033898305084746,59,0.6271186440677966
2023-02-04,Fear,6,24990.77,0.4657534246575342,7.346575342465753,73,0.4246575342465753
2023-02-05,Greed,79,157967.48,0.5263157894736842,10.00263157894737,76,0.6578947368421053
2023-02-06,Fear,35,-21965.200000000004,0.5064935064935064,7.167532467532467,77,0.35064935064935066
2023-02-07,Fear,40,-159471.5,0.358974358974359,7.867948717948718,78,0.4358974358974359
2023-02-08,Fear,18,-108006.62000000001,0.3875,7.81875,80,0.4125
2023-02-09,Greed,75,-22689.769999999997,0.5522388059701493,11.255223880597015,67,0.5522388059701493
2023-02-10,Greed,74,33847.29,0.647887323943662,9.352112676056338,71,0.676056338028169
2023-02-11,Greed,56,50879.5,0.5679012345679012,11.023456790123456,81,0.5679012345679012
2023-02-12,Greed,68,397802.24,0.6666666666666666,10.637333333333332,75,0.5466666666666666
2023-02-13,Greed,70,-136049.05,0.5466666666666666,10.641333333333334,75,0.5466666666666666
2023-02-14,Fear,36,-87774.25,0.4411764705882353,7.236764705882353,68,0.4411764705882353
2023-02-15,Fear,10,-59086.66,0.4594594594594595,7.460810810810811,74,0.3918918918918919
2023-02-16,Greed,76,-106063.43,0.6229508196721312,11.160655737704918,61,0.7049180327868853
2023-02-17,Greed,79,1090420.03,0.6710526315789473,10.928947368421053,76,0.4868421052631579
2023-02-18,Greed,85,156286.75999999998,0.5161290322580645,11.453225806451613,62,0.5806451612903226
2023-02-19,Greed,87,-969848.38,0.47674418604651164,10.82093023255814,86,0.6162790697674418
2023-02-20,Greed,83,143553.77,0.5066666666666667,10.932,75,0.5866666666666667
2023-02-21,Fear,26,-42790.149999999994,0.48863636363636365,7.429545454545454,88,0.38636363636363635
2023-02-22,Greed,55,36735.17999999999,0.5119047619047619,11.78452380952381,84,0.6309523809523809
2023-02-23,Fear,18,17882.1,0.589041095890411,8.117808219178082,73,0.5342465753424658
2023-02-24,Greed,55,-102750.36,0.4444444444444444,10.466666666666667,72,0.6666666666666666
2023-02-25,Greed,80,106994.67,0.5487804878048781,11.108536585365853,82,0.573170731707317
2023-02-26,Fear,28,-4035.760000000002,0.5694444444444444,7.715277777777778,72,0.3611111111111111
2023-02-27,Fear,21,64264.159999999996,0.40298507462686567,7.459701492537314,67,0.3582089552238806
2023-02-28,Fear,23,57089.58999999999,0.4691358024691358,7.245679012345679,81,0.5061728395061729
2023-03-01,Fear,42,-120926.13,0.3974358974358974,7.603846153846154,78,0.4358974358974359
2023-03-02,Fear,11,28218.63,0.423728813559322,7.891525423728814,59,0.4406779661016949
2023-03-03,Fear,28,-585.7000000000007,0.5074626865671642,7.302985074626866,67,0.3582089552238806
2023-03-04,Fear,25,-29059.43,0.52,7.878666666666667,75,0.41333333333333333
2023-03-05,Greed,74,109392.06000000001,0.620253164556962,11.540506329113924,79,0.7088607594936709
2023-03-06,Greed,65,-170883.07,0.5063291139240507,11.044303797468354,79,0.5949367088607594
2023-03-07,Greed,66,446177.14,0.6533333333333333,10.793333333333333,75,0.5733333333333334
2023-03-08,Greed,67,141579.61000000004,0.55,10.853333333333333,60,0.7
2023-03-09,Greed,87,168793.35,0.6176470588235294,10.130882352941176,68,0.7352941176470589
2023-03-10,Fear,32,-14655.969999999992,0.5,7.87,70,0.38571428571428573
2023-03-11,Fear,41,51265.18,0.5147058823529411,7.114705882352942,68,0.36764705882352944
2023-03-12,Greed,79,80115.3,0.6351351351351351,10.956756756756755,74,0.7432432432432432
2023-03-13,Fear,11,4212.630000000001,0.5285714285714286,8.307142857142857,70,0.4142857142857143
2023-03-14,Fear,28,-80923.21999999999,0.43529411764705883,7.671764705882353,85,0.43529411764705883
2023-03-15,Fear,29,-87131.3,0.4264705882352941,8.455882352941176,68,0.5441176470588235
2023-03-16,Greed,59,-149784.2,0.5454545454545454,11.451515151515151,66,0.5303030303030303
2023-03-17,Fear,34,-32957.509999999995,0.3488372093023256,7.530232558139535,86,0.4883720930232558
2023-03-18,Greed,82,-71568.95,0.44285714285714284,11.56,70,0.7142857142857143
2023-03-19,Fear,42,33068.55,0.4358974358974359,8.094871794871795,78,0.358974358974359
2023-03-20,Fear,23,-23306.61,0.43859649122807015,7.643859649122807,57,0.42105263157894735
2023-03-21,Fear,9,-151879.41999999998,0.4691358024691358,7.924691358024691,81,0.3950617283950617
2023-03-22,Fear,44,85166.07999999999,0.4430379746835443,8.00506329113924,79,0.46835443037974683
2023-03-23,Greed,77,11664.790000000006,0.5769230769230769,10.9,78,0.6410256410256411
2023-03-24,Fear,9,-26813.649999999998,0.5581395348837209,7.7476744186046504,86,0.5
2023-03-25,Fear,41,21734.84999999999,0.475,7.84875,80,0.4125
2023-03-26,Fear,39,41456.47,0.578125,6.9015625,64,0.46875
2023-03-27,Fear,25,-41683.97,0.41025641025641024,7.276923076923077,78,0.44871794871794873
2023-03-28,Fear,28,-14082.37,0.36619718309859156,7.00281690140845,71,0.4647887323943662
2023-03-29,Greed,56,209.5700000000079,0.5483870967741935,10.516129032258064,62,0.5806451612903226
2023-03-30,Fear,7,36950.9,0.5068493150684932,8.063013698630137,73,0.4657534246575342
2023-03-31,Greed,93,142611.52000000002,0.4722222222222222,10.801388888888889,72,0.5555555555555556
2023-04-01,Greed,79,-57955.15999999999,0.582089552238806,9.426865671641792,67,0.6268656716417911
2023-04-02,Greed,87,179769.49,0.5396825396825397,9.742857142857142,63,0.5873015873015873
2023-04-03,Fear,18,-3488.1699999999987,0.4827586206896552,8.394252873563218,87,0.47126436781609193
2023-04-04,Greed,64,-185559.53,0.48,11.34,75,0.5333333333333333
2023-04-05,Greed,63,-213981.78999999998,0.5121951219512195,10.721951219512196,82,0.6463414634146342
2023-04-06,Fear,41,30884.6,0.4583333333333333,7.26111111111111,72,0.4166666666666667
2023-04-07,Fear,18,77452.45999999999,0.5,7.37948717948718,78,0.4358974358974359
2023-04-08,Fear,18,-54595.76,0.4852941176470588,7.276470588235294,68,0.4411764705882353
2023-04-09,Fear,34,-25978.36,0.40789473684210525,7.5855263157894735,76,0.5
2023-04-10,Fear,23,83190.92,0.5538461538461539,7.356923076923077,65,0.49230769230769234
2023-04-11,Fear,13,-98632.93,0.43373493975903615,7.09277108433735,83,0.39759036144578314
2023-04-12,Fear,23,-90624.22,0.36619718309859156,7.20281690140845,71,0.39436619718309857
2023-04-13,Greed,65,-251028.65,0.625,10.665625,64,0.609375
2023-04-14,Greed,87,30836.940000000002,0.5,10.993589743589743,78,0.6666666666666666
2023-04-15,Greed,71,225439.75000000003,0.4927536231884058,10.07536231884058,69,0.6811594202898551
2023-04-16,Fear,21,-130784.23999999999,0.375,7.926136363636363,88,0.3977272727272727
2023-04-17,Fear,41,-59731.590000000004,0.4878048780487805,6.974390243902438,82,0.5365853658536586
2023-04-18,Fear,19,-29932.870000000003,0.5675675675675675,7.940540540540541,74,0.40540540540540543
2023-04-19,Greed,73,-296781.48,0.5135135135135135,10.936486486486485,74,0.6621621621621622
2023-04-20,Greed,78,-18604.65,0.5394736842105263,9.917105263157895,76,0.6710526315789473
2023-04-21,Greed,61,-183632.38,0.5405405405405406,11.617567567567567,74,0.5540540540540541
2023-04-22,Greed,84,-322946.76999999996,0.5789473684210527,10.501052631578947,95,0.5789473684210527
2023-04-23,Greed,89,-27770.390000000007,0.5308641975308642,10.896296296296297,81,0.691358024691358
2023-04-24,Fear,43,-4320.0,0.4925373134328358,8.18507462686567,67,0.43283582089552236
2023-04-25,Greed,58,-4926.550000000007,0.5294117647058824,11.827941176470588,68,0.6176470588235294
2023-04-26,Fear,21,-39260.189999999995,0.43661971830985913,6.8436619718309855,71,0.4788732394366197
2023-04-27,Greed,80,-119200.57,0.43820224719101125,10.604494382022471,89,0.5955056179775281
2023-04-28,Fear,44,-44517.810000000005,0.559322033898305,8.215254237288136,59,0.23728813559322035
2023-04-29,Fear,25,80803.08,0.5324675324675324,6.5636363636363635,77,0.5844155844155844
2023-04-30,Greed,64,171500.87,0.5735294117647058,10.808823529411764,68,0.6470588235294118
2023-05-01,Greed,70,200414.3,0.5865384615384616,11.077884615384615,104,0.625
2023-05-02,Fear,34,-26372.539999999994,0.4725274725274725,7.8318681318681325,91,0.43956043956043955
2023-05-03,Greed,74,184855.14,0.5373134328358209,9.925373134328359,67,0.6417910447761194
2023-05-04,Greed,94,52163.520000000004,0.6041666666666666,10.333333333333334,48,0.5208333333333334
2023-05-05,Greed,60,-50470.119999999995,0.5285714285714286,10.974285714285715,70,0.6285714285714286
2023-05-06,Greed,82,-178181.15,0.4305555555555556,10.444444444444445,72,0.5972222222222222
2023-05-07,Greed,71,169321.02,0.5161290322580645,10.380645161290323,62,0.532258064516129
2023-05-08,Fear,23,-181585.61,0.4673913043478261,8.258695652173913,92,0.32608695652173914
2023-05-09,Greed,83,-166918.57,0.5185185185185185,10.150617283950618,81,0.6172839506172839
2023-05-10,Greed,82,87321.76,0.5483870967741935,10.933870967741935,62,0.7096774193548387
2023-05-11,Greed,94,255232.56,0.5714285714285714,10.207692307692307,91,0.5384615384615384
2023-05-12,Greed,60,-140151.4,0.5131578947368421,9.801315789473684,76,0.6052631578947368
2023-05-13,Greed,59,246823.38,0.547945205479452,10.186301369863013,73,0.589041095890411
2023-05-14,Greed,83,-91641.63,0.6142857142857143,10.610000000000001,70,0.6285714285714286
2023-05-15,Greed,78,-362107.8,0.5844155844155844,10.448051948051948,77,0.6883116883116883
2023-05-16,Fear,27,-247263.28,0.3333333333333333,7.17936507936508,63,0.3968253968253968
2023-05-17,Fear,11,89854.79000000001,0.4805194805194805,7.520779220779221,77,0.5064935064935064
2023-05-18,Fear,12,-49217.85999999999,0.4189189189189189,7.371621621621622,74,0.3783783783783784
2023-05-19,Greed,90,-456101.82,0.4772727272727273,10.686363636363636,88,0.625
2023-05-20,Greed,62,73363.72,0.48936170212765956,10.632978723404255,94,0.6170212765957447
2023-05-21,Fear,19,66631.76000000001,0.4935064935064935,7.112987012987014,77,0.4155844155844156
2023-05-22,Greed,64,54370.679999999986,0.589041095890411,10.886301369863014,73,0.5753424657534246
2023-05-23,Greed,69,178811.93,0.6825396825396826,10.4,63,0.6825396825396826
2023-05-24,Greed,57,97635.15,0.5180722891566265,10.659036144578314,83,0.5180722891566265
2023-05-25,Greed,75,-97056.89,0.46875,11.7078125,64,0.671875
2023-05-26,Greed,57,14867.859999999991,0.4857142857142857,10.637142857142857,70,0.6857142857142857
2023-05-27,Greed,87,46563.720000000016,0.6179775280898876,11.585393258426965,89,0.6067415730337079
2023-05-28,Greed,64,-90803.42000000001,0.5166666666666667,10.471666666666666,60,0.5666666666666667
2023-05-29,Greed,76,153068.93000000002,0.5384615384615384,10.478205128205127,78,0.6025641025641025
2023-05-30,Greed,90,264363.71,0.5352112676056338,11.583098591549296,71,0.5915492957746479
2023-05-31,Greed,81,-85050.40999999999,0.4925373134328358,11.750746268656716,67,0.7014925373134329
2023-06-01,Fear,31,6791.140000000005,0.5064935064935064,7.485714285714286,77,0.4025974025974026
2023-06-02,Fear,5,-45312.24999999999,0.5205479452054794,7.932876712328768,73,0.4931506849315068
2023-06-03,Fear,9,49579.22000000001,0.46153846153846156,8.042307692307691,78,0.3717948717948718
2023-06-04,Fear,36,-47484.03,0.4492753623188406,8.034782608695652,69,0.4927536231884058
2023-06-05,Greed,94,257545.22,0.4883720930232558,11.019767441860466,86,0.6511627906976745
2023-06-06,Greed,81,-181534.61,0.4444444444444444,9.966666666666667,81,0.6790123456790124
2023-06-07,Fear,14,-66364.32,0.5443037974683544,7.8164556962025316,79,0.4177215189873418
2023-06-08,Greed,84,218754.87000000002,0.6627906976744186,11.352325581395348,86,0.686046511627907
2023-06-09,Greed,73,-49034.93,0.5217391304347826,10.53623188405797,69,0.5652173913043478
2023-06-10,Fear,33,53622.829999999994,0.4819277108433735,7.119277108433734,83,0.42168674698795183
2023-06-11,Fear,39,60708.630000000005,0.43373493975903615,7.726506024096385,83,0.3132530120481928
2023-06-12,Greed,93,366142.3,0.5070422535211268,10.529577464788733,71,0.5915492957746479
2023-06-13,Fear,20,-59764.94,0.46511627906976744,7.939534883720929,86,0.4069767441860465
2023-06-14,Fear,31,-28384.83000000001,0.43209876543209874,7.008641975308643,81,0.49382716049382713
2023-06-15,Fear,13,-94028.31000000001,0.42857142857142855,7.716883116883118,77,0.36363636363636365
2023-06-16,Greed,76,-72519.24000000002,0.5301204819277109,11.120481927710843,83,0.6265060240963856
2023-06-17,Greed,58,54051.659999999996,0.5211267605633803,11.480281690140846,71,0.647887323943662
2023-06-18,Greed,73,32586.200000000004,0.581081081081081,11.924324324324324,74,0.6891891891891891
2023-06-19,Greed,85,15720.080000000009,0.5147058823529411,9.485294117647058,68,0.6176470588235294
2023-06-20,Greed,68,157634.5,0.5974025974025974,10.81038961038961,77,0.6493506493506493
2023-06-21,Fear,6,-49573.91,0.34523809523809523,7.530952380952381,84,0.35714285714285715
2023-06-22,Fear,12,1016.9099999999983,0.46153846153846156,8.503846153846153,78,0.48717948717948717
2023-06-23,Fear,28,-15587.790000000015,0.42045454545454547,8.030681818181819,88,0.3977272727272727
2023-06-24,Fear,21,52191.72,0.5333333333333333,8.085555555555556,90,0.37777777777777777
2023-06-25,Greed,70,-17965.66999999999,0.5487804878048781,10.962195121951218,82,0.5121951219512195
2023-06-26,Greed,61,-172957.59,0.5555555555555556,10.12063492063492,63,0.7301587301587301
2023-06-27,Fear,18,-24409.68,0.48148148148148145,7.607407407407408,81,0.3950617283950617
2023-06-28,Fear,15,-125564.48,0.47692307692307695,7.544615384615384,65,0.5692307692307692
2023-06-29,Greed,76,274867.51999999996,0.5454545454545454,12.068181818181818,66,0.6363636363636364
2023-06-30,Greed,88,-7006.090000000004,0.5308641975308642,10.162962962962963,81,0.691358024691358
2023-07-01,Greed,75,-101120.27,0.5396825396825397,10.988888888888889,63,0.5238095238095238
2023-07-02,Greed,79,139227.18,0.6301369863013698,11.13013698630137,73,0.589041095890411
2023-07-03,Fear,21,17083.879999999997,0.4875,7.6425,80,0.4375
2023-07-04,Greed,85,78955.19,0.5934065934065934,10.673626373626373,91,0.6153846153846154
2023-07-05,Greed,60,-38809.75,0.5492957746478874,10.792957746478873,71,0.676056338028169
2023-07-06,Fear,16,-63434.37000000001,0.48214285714285715,7.3999999999999995,56,0.375
2023-07-07,Greed,86,581318.8,0.5384615384615384,10.248717948717948,78,0.6794871794871795
2023-07-08,Greed,83,172789.66,0.5454545454545454,10.867532467532467,77,0.5974025974025974
2023-07-09,Greed,56,115366.59999999999,0.5402298850574713,11.277011494252873,87,0.6091954022988506
2023-07-10,Greed,67,150841.06,0.5833333333333334,10.544444444444444,72,0.6111111111111112
2023-07-11,Greed,65,-229896.98,0.5384615384615384,9.42,65,0.6153846153846154
2023-07-12,Fear,40,16081.619999999995,0.5555555555555556,8.081944444444444,72,0.3472222222222222
2023-07-13,Greed,58,9272.599999999991,0.5287356321839081,10.027586206896551,87,0.6091954022988506
2023-07-14,Fear,22,3542.4000000000037,0.4444444444444444,7.761728395061729,81,0.4691358024691358
2023-07-15,Fear,5,262.9200000000019,0.47297297297297297,7.321621621621621,74,0.4189189189189189
2023-07-16,Fear,15,-136740.97,0.3956043956043956,7.5637362637362635,91,0.3956043956043956
2023-07-17,Greed,70,-344846.26,0.4426229508196721,10.545901639344264,61,0.4918032786885246
2023-07-18,Fear,30,-74135.42,0.5540540540540541,7.966216216216216,74,0.44594594594594594
2023-07-19,Greed,79,-95227.81999999999,0.6025641025641025,10.548717948717949,78,0.6666666666666666
2023-07-20,Fear,10,83656.59000000001,0.4722222222222222,7.506944444444445,72,0.5
2023-07-21,Greed,91,-6526.510000000018,0.5061728395061729,10.880246913580246,81,0.5308641975308642
2023-07-22,Greed,74,98285.06,0.5694444444444444,10.220833333333333,72,0.6111111111111112
2023-07-23,Greed,94,227141.34,0.5662650602409639,10.86144578313253,83,0.6626506024096386
2023-07-24,Fear,11,-127719.89,0.4367816091954023,7.826436781609195,87,0.4942528735632184
2023-07-25,Fear,15,-204089.89,0.4444444444444444,7.043055555555556,72,0.4027777777777778
2023-07-26,Fear,5,34451.17,0.4074074074074074,6.932098765432099,81,0.5432098765432098
2023-07-27,Fear,41,-35602.46,0.4788732394366197,8.476056338028169,71,0.4225352112676056
2023-07-28,Greed,87,149991.48,0.6166666666666667,11.21,60,0.5833333333333334
2023-07-29,Greed,70,-210064.54,0.4533333333333333,11.130666666666666,75,0.5866666666666667
2023-07-30,Greed,90,-16429.200000000008,0.5641025641025641,10.755128205128205,78,0.5897435897435898
2023-07-31,Greed,89,-44518.51000000001,0.47058823529411764,10.686764705882354,68,0.6029411764705882
2023-08-01,Fear,31,-32222.43,0.5454545454545454,7.806493506493506,77,0.37662337662337664
2023-08-02,Greed,86,-123321.15,0.5,11.340789473684211,76,0.6052631578947368
2023-08-03,Greed,67,154571.09999999998,0.5384615384615384,10.643589743589745,78,0.6282051282051282
2023-08-04,Fear,5,-39434.520000000004,0.4057971014492754,7.556521739130434,69,0.3333333333333333
2023-08-05,Fear,10,-66979.56999999999,0.4189189189189189,7.536486486486487,74,0.4189189189189189
2023-08-06,Fear,41,-167802.37,0.43956043956043955,8.115384615384615,91,0.5164835164835165
2023-08-07,Greed,82,190852.43,0.6022727272727273,10.299999999999999,88,0.625
2023-08-08,Fear,28,-49149.450000000004,0.4878048780487805,7.002439024390244,82,0.5487804878048781
2023-08-09,Greed,94,28305.62,0.5362318840579711,9.708695652173912,69,0.6521739130434783
2023-08-10,Fear,31,-3693.2200000000025,0.5194805194805194,7.706493506493506,77,0.42857142857142855
2023-08-11,Fear,12,-68161.62,0.41975308641975306,7.8432098765432094,81,0.43209876543209874
2023-08-12,Fear,41,-43035.420000000006,0.4189189189189189,8.197297297297297,74,0.3783783783783784
2023-08-13,Fear,21,-14530.420000000002,0.5833333333333334,7.611666666666666,60,0.2833333333333333
2023-08-14,Fear,20,-21651.49,0.4782608695652174,7.769565217391305,69,0.4057971014492754
2023-08-15,Fear,25,-55606.12,0.43243243243243246,8.05945945945946,74,0.3783783783783784
2023-08-16,Greed,79,94718.38000000002,0.6195652173913043,9.795652173913044,92,0.5652173913043478
2023-08-17,Greed,85,92115.4,0.6101694915254238,10.20677966101695,59,0.6440677966101694
2023-08-18,Fear,34,-119390.01,0.45454545454545453,7.251948051948052,77,0.4675324675324675
2023-08-19,Greed,75,109826.98,0.4537037037037037,11.398148148148149,108,0.6111111111111112
2023-08-20,Fear,29,-78264.01,0.45977011494252873,7.457471264367816,87,0.5172413793103449
2023-08-21,Fear,14,67402.99,0.44047619047619047,7.546428571428571,84,0.36904761904761907
2023-08-22,Fear,20,-84793.98999999999,0.37333333333333335,7.753333333333333,75,0.4666666666666667
2023-08-23,Fear,16,-38223.5,0.40476190476190477,7.6,84,0.4166666666666667
2023-08-24,Fear,19,21064.22,0.4642857142857143,7.539285714285714,84,0.4880952380952381
2023-08-25,Greed,60,-39103.61000000001,0.6417910447761194,10.779104477611941,67,0.6865671641791045
2023-08-26,Greed,93,-309174.57000000007,0.4567901234567901,10.974074074074073,81,0.6172839506172839
2023-08-27,Greed,76,-37105.91,0.5277777777777778,11.241666666666667,72,0.6666666666666666
2023-08-28,Fear,24,-285022.2,0.42857142857142855,7.47012987012987,77,0.5844155844155844
2023-08-29,Fear,31,-69945.81999999999,0.44871794871794873,7.816666666666667,78,0.46153846153846156
2023-08-30,Greed,67,176777.24000000002,0.5324675324675324,10.368831168831168,77,0.5194805194805194
2023-08-31,Fear,34,-3727.6100000000038,0.5098039215686274,7.390196078431372,51,0.45098039215686275
2023-09-01,Greed,72,-36670.37000000001,0.5581395348837209,11.443023255813953,86,0.6511627906976745
2023-09-02,Greed,59,101354.62,0.6,11.501428571428571,70,0.6285714285714286
2023-09-03,Greed,80,-27746.270000000008,0.56,10.98,75,0.6266666666666667
2023-09-04,Fear,28,-47288.14,0.4166666666666667,7.066666666666666,72,0.4166666666666667
2023-09-05,Fear,7,43462.39000000001,0.42528735632183906,7.267816091954023,87,0.3218390804597701
2023-09-06,Greed,81,52828.20999999999,0.5223880597014925,11.25223880597015,67,0.6119402985074627
2023-09-07,Fear,28,-102918.42,0.546875,7.471875,64,0.484375
2023-09-08,Greed,57,279036.93,0.6,10.42,75,0.64
2023-09-09,Greed,86,108100.65,0.5268817204301075,9.661290322580646,93,0.6129032258064516
2023-09-10,Greed,73,68165.51000000001,0.532608695652174,10.480434782608697,92,0.6086956521739131
2023-09-11,Fear,8,-19905.569999999992,0.4044943820224719,8.080898876404495,89,0.38202247191011235
2023-09-12,Fear,34,-22474.819999999996,0.524390243902439,7.925609756097561,82,0.4146341463414634
2023-09-13,Fear,24,-39268.89,0.47126436781609193,7.916091954022989,87,0.45977011494252873
2023-09-14,Fear,32,-93867.35,0.36363636363636365,7.916883116883117,77,0.2987012987012987
2023-09-15,Greed,94,267736.56,0.5542168674698795,10.197590361445783,83,0.6867469879518072
2023-09-16,Fear,14,-22505.980000000003,0.4880952380952381,8.395238095238096,84,0.4523809523809524
2023-09-17,Fear,37,-81851.64,0.35294117647058826,8.34470588235294,85,0.32941176470588235
2023-09-18,Fear,36,-37048.23999999999,0.44871794871794873,7.921794871794871,78,0.38461538461538464
2023-09-19,Fear,32,1954.4500000000057,0.4375,7.6325,80,0.55
2023-09-20,Greed,59,-73067.08,0.5454545454545454,10.868181818181817,88,0.7045454545454546
2023-09-21,Greed,82,281599.62,0.5909090909090909,9.974242424242423,66,0.5606060606060606
2023-09-22,Greed,57,325394.3599999999,0.5,12.1140625,64,0.59375
2023-09-23,Fear,8,-56058.89,0.48314606741573035,8.676404494382023,89,0.4157303370786517
2023-09-24,Greed,94,77473.6,0.5432098765432098,12.248148148148148,81,0.6296296296296297
2023-09-25,Fear,10,65660.92,0.5375,7.8775,80,0.475
2023-09-26,Greed,79,-233114.89,0.47297297297297297,11.012162162162161,74,0.6891891891891891
2023-09-27,Greed,67,14326.049999999997,0.5373134328358209,10.535820895522388,67,0.5970149253731343
2023-09-28,Greed,79,73337.91,0.5416666666666666,10.643055555555556,72,0.5972222222222222
2023-09-29,Fear,26,-138973.59,0.47058823529411764,7.213235294117647,68,0.4852941176470588
2023-09-30,Greed,72,-118584.8,0.5,9.763636363636364,88,0.6704545454545454
2023-10-01,Fear,34,-75528.17,0.3548387096774194,7.243548387096775,62,0.4838709677419355
2023-10-02,Greed,90,-127034.91000000002,0.41975308641975306,10.803703703703704,81,0.5185185185185185
2023-10-03,Greed,72,107966.03999999998,0.5555555555555556,10.936507936507937,63,0.5873015873015873
2023-10-04,Greed,62,189456.53,0.5961538461538461,9.705769230769231,52,0.6153846153846154
2023-10-05,Fear,38,-117330.93,0.42857142857142855,7.4523809523809526,63,0.4126984126984127
2023-10-06,Greed,71,-84380.05,0.5584415584415584,12.025974025974026,77,0.7922077922077922
2023-10-07,Fear,24,-92089.11,0.4444444444444444,7.469444444444444,72,0.4305555555555556
2023-10-08,Greed,84,31462.660000000003,0.5131578947368421,11.799999999999999,76,0.6578947368421053
2023-10-09,Fear,44,30133.18,0.5294117647058824,7.74235294117647,85,0.47058823529411764
2023-10-10,Fear,42,17528.17,0.42857142857142855,7.985714285714286,56,0.32142857142857145
2023-10-11,Fear,6,-57296.63,0.44594594594594594,7.806756756756758,74,0.40540540540540543
2023-10-12,Fear,33,-31645.13,0.4,7.808571428571429,70,0.4714285714285714
2023-10-13,Fear,42,9288.62,0.43209876543209874,7.754320987654321,81,0.35802469135802467
2023-10-14,Fear,12,-1767.9300000000062,0.5888888888888889,7.786666666666666,90,0.5
2023-10-15,Fear,27,-154222.06,0.44680851063829785,7.432978723404256,94,0.46808510638297873
2023-10-16,Fear,41,-173803.93,0.358974358974359,7.676923076923076,78,0.46153846153846156
2023-10-17,Fear,6,55023.85,0.48717948717948717,7.8448717948717945,78,0.41025641025641024
2023-10-18,Fear,32,-73378.91,0.5,8.02,90,0.43333333333333335
2023-10-19,Fear,16,-178007.03999999998,0.4264705882352941,6.754411764705883,68,0.47058823529411764
2023-10-20,Fear,41,-106004.74,0.42857142857142855,7.42987012987013,77,0.44155844155844154
2023-10-21,Greed,94,-304908.32999999996,0.5405405405405406,11.50810810810811,74,0.5540540540540541
2023-10-22,Greed,87,108223.25,0.6144578313253012,10.642168674698794,83,0.6265060240963856
2023-10-23,Greed,93,-148430.59000000003,0.576271186440678,10.757627118644068,59,0.7288135593220338
2023-10-24,Greed,74,-114089.95,0.37142857142857144,11.639999999999999,70,0.6428571428571429
2023-10-25,Fear,38,-79622.84999999999,0.4935064935064935,8.125974025974026,77,0.36363636363636365
2023-10-26,Fear,17,-44297.87,0.5063291139240507,7.435443037974683,79,0.4177215189873418
2023-10-27,Greed,73,132729.61999999997,0.5681818181818182,11.436363636363636,88,0.625
2023-10-28,Greed,88,-48736.86,0.4383561643835616,10.6,73,0.6438356164383562
2023-10-29,Greed,58,13102.519999999997,0.56,11.228,75,0.64
2023-10-30,Greed,74,58539.26,0.5230769230769231,10.987692307692308,65,0.6615384615384615
2023-10-31,Greed,61,-201222.53999999998,0.5064935064935064,10.520779220779222,77,0.6493506493506493
2023-11-01,Fear,8,-37765.31,0.4666666666666667,8.153333333333332,60,0.48333333333333334
2023-11-02,Greed,84,112091.58000000002,0.620253164556962,10.462025316455696,79,0.5822784810126582
2023-11-03,Fear,18,-23361.300000000007,0.46153846153846156,7.106410256410256,78,0.41025641025641024
2023-11-04,Fear,33,-159724.03,0.379746835443038,7.9582278481012665,79,0.4430379746835443
2023-11-05,Fear,7,35284.19,0.5882352941176471,8.174999999999999,68,0.47058823529411764
2023-11-06,Greed,73,82462.02999999998,0.6329113924050633,11.01139240506329,79,0.6708860759493671
2023-11-07,Greed,86,-211668.31,0.47058823529411764,11.129411764705884,68,0.6617647058823529
2023-11-08,Greed,90,65975.07,0.5194805194805194,9.709090909090909,77,0.6233766233766234
2023-11-09,Greed,93,-416687.93,0.4946236559139785,10.34731182795699,93,0.6451612903225806
2023-11-10,Greed,86,302550.56,0.5285714285714286,11.724285714285715,70,0.6714285714285714
2023-11-11,Fear,40,-49657.3,0.4626865671641791,7.753731343283582,67,0.3582089552238806
2023-11-12,Greed,82,49504.469999999994,0.6428571428571429,10.85,70,0.6285714285714286
2023-11-13,Fear,14,58554.19,0.42592592592592593,8.057407407407409,54,0.3333333333333333
2023-11-14,Fear,5,67619.03000000001,0.46875,7.0171875,64,0.359375
2023-11-15,Fear,39,38009.479999999996,0.49333333333333335,7.403999999999999,75,0.41333333333333333
2023-11-16,Fear,5,-129344.16,0.47692307692307695,7.933846153846154,65,0.4461538461538462
2023-11-17,Fear,39,-91095.17,0.4406779661016949,8.128813559322035,59,0.4915254237288136
2023-11-18,Fear,26,7734.279999999999,0.40298507462686567,7.332835820895522,67,0.34328358208955223
2023-11-19,Greed,80,-32922.909999999996,0.625,9.870000000000001,80,0.5875
2023-11-20,Fear,36,-25050.159999999996,0.45454545454545453,8.124675324675325,77,0.5194805194805194
2023-11-21,Fear,44,20955.3,0.5135135135135135,7.047297297297297,74,0.47297297297297297
2023-11-22,Greed,80,-37217.21,0.5324675324675324,10.915584415584416,77,0.6883116883116883
2023-11-23,Fear,35,-19429.020000000004,0.35714285714285715,7.4523809523809526,84,0.4880952380952381
2023-11-24,Fear,21,38948.21,0.56,7.752,75,0.38666666666666666
2023-11-25,Fear,24,-34759.39,0.45,7.58,80,0.35
2023-11-26,Fear,30,-24986.900000000005,0.43157894736842106,7.728421052631579,95,0.4842105263157895
2023-11-27,Fear,39,-70096.32,0.425,7.921250000000001,80,0.475
2023-11-28,Fear,44,-50592.01,0.47191011235955055,7.229213483146067,89,0.4606741573033708
2023-11-29,Greed,82,-166429.28,0.6029411764705882,11.722058823529412,68,0.5882352941176471
2023-11-30,Greed,56,24658.170000000002,0.5274725274725275,10.905494505494506,91,0.5824175824175825
2023-12-01,Greed,58,49583.22000000001,0.6052631578947368,10.34736842105263,76,0.5921052631578947
2023-12-02,Greed,83,344305.98000000004,0.5733333333333334,11.377333333333333,75,0.6933333333333334
2023-12-03,Greed,57,-200192.44999999998,0.6027397260273972,10.172602739726027,73,0.6438356164383562
2023-12-04,Fear,9,-107351.91,0.4473684210526316,7.7894736842105265,76,0.4342105263157895
2023-12-05,Greed,55,-102857.26999999999,0.47761194029850745,11.397014925373135,67,0.6716417910447762
2023-12-06,Greed,93,-254159.18,0.4868421052631579,11.614473684210525,76,0.6447368421052632
2023-12-07,Greed,84,136598.56,0.5538461538461539,10.886153846153846,65,0.5692307692307692
2023-12-08,Greed,69,-135083.47,0.6428571428571429,11.236904761904762,84,0.6190476190476191
2023-12-09,Greed,66,115132.66,0.5769230769230769,10.584615384615384,52,0.5576923076923077
2023-12-10,Greed,68,-83944.85000000002,0.5730337078651685,11.05056179775281,89,0.6629213483146067
2023-12-11,Greed,85,140919.25,0.5813953488372093,11.561627906976744,86,0.5232558139534884
2023-12-12,Greed,81,115216.26999999999,0.6326530612244898,10.212244897959184,49,0.5510204081632653
2023-12-13,Greed,62,8488.639999999996,0.5875,10.46875,80,0.65
2023-12-14,Fear,32,-74968.49,0.3488372093023256,7.856976744186047,86,0.5465116279069767
2023-12-15,Fear,13,5226.149999999995,0.46511627906976744,7.261627906976744,86,0.4883720930232558
2023-12-16,Fear,42,-38961.23,0.4225352112676056,8.264788732394365,71,0.43661971830985913
2023-12-17,Greed,85,75002.07,0.6212121212121212,10.162121212121212,66,0.6515151515151515
2023-12-18,Greed,65,-170133.37,0.5555555555555556,10.049382716049383,81,0.6666666666666666
2023-12-19,Fear,21,-62521.509999999995,0.5245901639344263,7.137704918032787,61,0.4426229508196721
2023-12-20,Greed,58,-88528.36,0.5365853658536586,9.409756097560976,82,0.573170731707317
2023-12-21,Greed,93,-109072.36,0.47368421052631576,10.615789473684211,57,0.7192982456140351
2023-12-22,Greed,66,-270391.9,0.5384615384615384,10.240384615384615,52,0.5769230769230769
2023-12-23,Fear,29,-84830.18,0.45348837209302323,7.174418604651163,86,0.3372093023255814
2023-12-24,Fear,11,-151632.05,0.4520547945205479,7.312328767123287,73,0.3698630136986301
2023-12-25,Fear,44,40899.75,0.4810126582278481,7.235443037974684,79,0.4810126582278481
2023-12-26,Greed,63,88090.73999999999,0.6056338028169014,10.709859154929577,71,0.676056338028169
2023-12-27,Greed,59,-121224.74,0.46153846153846156,9.91923076923077,78,0.6538461538461539
2023-12-28,Greed,79,96345.42000000001,0.5733333333333334,10.294666666666666,75,0.6133333333333333
2023-12-29,Fear,29,-33234.01,0.47368421052631576,7.426315789473684,95,0.4631578947368421
2023-12-30,Fear,25,-47476.15,0.5,7.864102564102564,78,0.41025641025641024
2023-12-31,Fear,14,-3561.950000000003,0.5416666666666666,7.6416666666666675,72,0.4583333333333333
2024-01-01,Greed,56,71322.64,0.5063291139240507,11.317721518987343,79,0.6075949367088608
2024-01-02,Greed,93,12441.920000000002,0.49333333333333335,10.972,75,0.6133333333333333
2024-01-03,Fear,12,-282933.64999999997,0.47126436781609193,7.01264367816092,87,0.42528735632183906
2024-01-04,Greed,66,290741.88999999996,0.527027027027027,10.236486486486486,74,0.581081081081081
2024-01-05,Greed,94,-62854.26999999999,0.5625,10.37875,80,0.6125
2024-01-06,Greed,79,-295562.89,0.4069767441860465,10.922093023255814,86,0.6395348837209303
2024-01-07,Greed,78,211853.08,0.5692307692307692,9.21846153846154,65,0.6153846153846154
2024-01-08,Greed,84,-342903.08,0.52,10.467,100,0.64
2024-01-09,Greed,87,142603.3,0.6301369863013698,10.863013698630137,73,0.6712328767123288
2024-01-10,Fear,44,-6624.600000000006,0.4943820224719101,7.603370786516854,89,0.5168539325842697
2024-01-11,Fear,11,-72489.2,0.5058823529411764,7.929411764705883,85,0.47058823529411764
2024-01-12,Fear,20,-66734.11,0.43373493975903615,7.726506024096385,83,0.39759036144578314
2024-01-13,Greed,92,175800.19999999998,0.5844155844155844,10.818181818181818,77,0.6233766233766234
2024-01-14,Greed,63,137484.58000000002,0.6438356164383562,10.627397260273971,73,0.7397260273972602
2024-01-15,Fear,11,-122705.09000000001,0.35,8.40625,80,0.375
2024-01-16,Fear,37,-43009.26,0.4305555555555556,7.522222222222222,72,0.4305555555555556
2024-01-17,Fear,13,88542.08,0.5,7.014705882352941,68,0.5
2024-01-18,Greed,79,-88087.61000000002,0.550561797752809,10.57191011235955,89,0.7078651685393258
2024-01-19,Fear,26,-97943.56,0.375,8.404166666666667,72,0.3611111111111111
2024-01-20,Greed,64,270879.28,0.6231884057971014,9.985507246376812,69,0.5797101449275363
2024-01-21,Fear,28,-15199.540000000005,0.515625,7.7703125,64,0.375
2024-01-22,Greed,62,147626.38999999998,0.4696969696969697,10.527272727272727,66,0.7272727272727273
2024-01-23,Greed,90,-172669.44,0.515625,11.15625,64,0.671875
2024-01-24,Greed,80,-305387.44,0.5402298850574713,9.998850574712643,87,0.632183908045977
2024-01-25,Fear,10,778.6299999999975,0.423728813559322,7.791525423728813,59,0.3898305084745763
2024-01-26,Greed,87,-23361.20000000001,0.6896551724137931,10.644827586206896,58,0.6206896551724138
2024-01-27,Fear,43,32928.6,0.5164835164835165,8.445054945054945,91,0.3956043956043956
2024-01-28,Fear,39,-21371.809999999994,0.5066666666666667,8.043999999999999,75,0.48
2024-01-29,Fear,37,-259468.46,0.3684210526315789,7.094736842105264,76,0.4605263157894737
2024-01-30,Greed,65,48187.91,0.5416666666666666,10.919444444444444,72,0.5972222222222222
2024-01-31,Greed,85,38523.83,0.5507246376811594,11.008695652173913,69,0.7391304347826086
2024-02-01,Fear,8,21574.999999999993,0.5909090909090909,7.948863636363637,88,0.45454545454545453
2024-02-02,Greed,88,-44102.23999999998,0.5324675324675324,10.662337662337663,77,0.7272727272727273
2024-02-03,Greed,84,47816.21000000001,0.4805194805194805,10.6012987012987,77,0.5064935064935064
2024-02-04,Fear,15,-140740.02,0.4,7.866249999999999,80,0.3375
2024-02-05,Greed,81,96682.79,0.6385542168674698,11.125301204819277,83,0.6265060240963856
2024-02-06,Greed,62,-158005.09999999998,0.41935483870967744,11.251612903225807,62,0.5806451612903226
2024-02-07,Fear,8,46342.47,0.5333333333333333,7.581333333333333,75,0.37333333333333335
2024-02-08,Fear,13,78288.44,0.44155844155844154,7.9948051948051955,77,0.42857142857142855
2024-02-09,Greed,92,-287423.34,0.47126436781609193,10.729885057471265,87,0.5632183908045977
2024-02-10,Greed,56,44471.91999999999,0.5466666666666666,11.133333333333333,75,0.6266666666666667
2024-02-11,Fear,39,-170262.12,0.40860215053763443,6.909677419354839,93,0.45161290322580644
2024-02-12,Fear,24,-25056.969999999998,0.40298507462686567,7.876119402985076,67,0.3582089552238806
2024-02-13,Fear,24,-67511.89,0.40476190476190477,7.917857142857143,84,0.38095238095238093
2024-02-14,Greed,87,-56618.259999999995,0.4788732394366197,9.985915492957746,71,0.5915492957746479
2024-02-15,Greed,63,-179642.09,0.40540540540540543,10.7,74,0.6351351351351351
2024-02-16,Greed,75,-1672.8699999999824,0.5897435897435898,10.565384615384616,78,0.6153846153846154
2024-02-17,Fear,32,-127905.81,0.3875,7.74,80,0.3875
2024-02-18,Greed,84,-17555.430000000008,0.5777777777777777,10.995555555555557,90,0.6333333333333333
2024-02-19,Greed,76,-329246.32999999996,0.5822784810126582,10.967088607594937,79,0.6708860759493671
2024-02-20,Fear,40,168483.14,0.5138888888888888,7.8583333333333325,72,0.3194444444444444
2024-02-21,Fear,36,-51726.03,0.453125,6.790625,64,0.359375
2024-02-22,Fear,31,-14674.78,0.5131578947368421,7.877631578947369,76,0.4342105263157895
2024-02-23,Fear,39,-26018.319999999992,0.417910447761194,7.071641791044776,67,0.34328358208955223
2024-02-24,Greed,82,-4960.190000000006,0.6129032258064516,10.95,62,0.5967741935483871
2024-02-25,Fear,33,26352.43,0.5714285714285714,7.554285714285713,70,0.4142857142857143
2024-02-26,Greed,80,509686.94,0.5789473684210527,11.359210526315788,76,0.5263157894736842
2024-02-27,Fear,32,74739.48999999999,0.4805194805194805,7.590909090909091,77,0.4025974025974026
2024-02-28,Fear,32,-29863.38000000001,0.4625,8.05,80,0.4125
2024-02-29,Fear,29,5566.07,0.42105263157894735,7.635526315789473,76,0.5921052631578947
2024-03-01,Fear,35,87103.51999999999,0.5063291139240507,8.048101265822785,79,0.5063291139240507
2024-03-02,Fear,11,-111627.36,0.42857142857142855,7.3194805194805195,77,0.4805194805194805
2024-03-03,Fear,40,48260.689999999995,0.5333333333333333,7.529333333333334,75,0.36
2024-03-04,Greed,94,156131.03000000003,0.574468085106383,11.812765957446809,94,0.6276595744680851
2024-03-05,Greed,58,-35236.84999999999,0.5277777777777778,11.019444444444444,72,0.6527777777777778
2024-03-06,Greed,71,55582.97,0.5,10.37375,80,0.575
2024-03-07,Greed,87,-81083.09999999999,0.5483870967741935,11.109677419354838,62,0.5645161290322581
2024-03-08,Fear,18,-25534.68,0.45901639344262296,7.588524590163934,61,0.4098360655737705
2024-03-09,Fear,34,50882.979999999996,0.5542168674698795,7.313253012048193,83,0.40963855421686746
2024-03-10,Fear,11,-146858.04,0.3968253968253968,7.496825396825397,63,0.3968253968253968
2024-03-11,Fear,37,-101593.87000000001,0.3956043956043956,7.4824175824175825,91,0.32967032967032966
2024-03-12,Greed,62,-71204.45000000001,0.5324675324675324,10.184415584415586,77,0.6103896103896104
2024-03-13,Greed,69,-144438.21000000002,0.5428571428571428,10.478571428571428,70,0.6
2024-03-14,Fear,5,-118728.17,0.4457831325301205,7.8108433734939755,83,0.43373493975903615
2024-03-15,Greed,77,182098.2,0.4864864864864865,11.29054054054054,74,0.6486486486486487
2024-03-16,Greed,55,239409.86,0.5975609756097561,11.020731707317074,82,0.6585365853658537
2024-03-17,Greed,85,89274.75,0.6533333333333333,11.005333333333333,75,0.5466666666666666
2024-03-18,Fear,30,357111.3,0.5164835164835165,7.171428571428572,91,0.4065934065934066
2024-03-19,Fear,15,-56157.729999999996,0.4025974025974026,7.453246753246753,77,0.44155844155844154
2024-03-20,Fear,30,-117168.77,0.417910447761194,7.3149253731343284,67,0.43283582089552236
2024-03-21,Greed,93,60895.979999999996,0.6557377049180327,10.414754098360655,61,0.6721311475409836
2024-03-22,Fear,36,-37858.39,0.5352112676056338,7.822535211267605,71,0.352112676056338
2024-03-23,Greed,68,287929.24,0.5555555555555556,10.443209876543209,81,0.6296296296296297
2024-03-24,Fear,35,-65242.33,0.4084507042253521,7.653521126760563,71,0.4788732394366197
2024-03-25,Fear,26,32624.510000000002,0.43243243243243246,6.9391891891891895,74,0.33783783783783783
2024-03-26,Fear,43,30618.199999999997,0.5,7.696052631578947,76,0.39473684210526316
2024-03-27,Greed,94,-183165.63000000003,0.42391304347826086,11.305434782608694,92,0.6086956521739131
2024-03-28,Greed,69,22302.530000000017,0.6333333333333333,9.313333333333333,60,0.55
2024-03-29,Greed,72,153136.61000000002,0.6086956521739131,11.491304347826087,46,0.6304347826086957
2024-03-30,Fear,9,-78904.82,0.4492753623188406,7.356521739130435,69,0.4057971014492754
2024-03-31,Fear,42,-115403.56,0.4657534246575342,8.161643835616438,73,0.3835616438356164
2024-04-01,Fear,32,-44086.28999999999,0.4696969696969697,7.415151515151515,66,0.45454545454545453
2024-04-02,Fear,7,-10224.240000000002,0.5342465753424658,7.131506849315069,73,0.4246575342465753
2024-04-03,Fear,17,-97389.03,0.4457831325301205,7.107228915662651,83,0.39759036144578314
2024-04-04,Fear,33,34152.399999999994,0.4375,8.525,80,0.3125
2024-04-05,Fear,7,-11219.850000000002,0.2916666666666667,8.159722222222221,72,0.4583333333333333
2024-04-06,Fear,28,41660.83,0.5064935064935064,7.515584415584416,77,0.37662337662337664
2024-04-07,Greed,69,304731.96,0.5822784810126582,11.124050632911391,79,0.6708860759493671
2024-04-08,Fear,29,-104592.28,0.37894736842105264,7.3442105263157895,95,0.4842105263157895
2024-04-09,Fear,6,-106839.19,0.35365853658536583,7.565853658536585,82,0.3780487804878049
2024-04-10,Greed,78,-17340.96,0.4788732394366197,11.480281690140846,71,0.5211267605633803
2024-04-11,Greed,74,169211.02000000002,0.6190476190476191,9.653968253968255,63,0.5714285714285714
2024-04-12,Greed,80,86540.54,0.5517241379310345,10.529885057471265,87,0.5747126436781609
2024-04-13,Fear,34,-116780.06999999999,0.36666666666666664,7.83,60,0.48333333333333334
2024-04-14,Fear,10,51783.119999999995,0.4823529411764706,7.687058823529411,85,0.4588235294117647
2024-04-15,Greed,77,121259.29999999999,0.6262626262626263,10.907070707070707,99,0.6262626262626263
2024-04-16,Greed,77,10338.240000000002,0.6060606060606061,10.506060606060606,66,0.7121212121212122
2024-04-17,Fear,5,97042.48000000001,0.5070422535211268,6.626760563380282,71,0.36619718309859156
2024-04-18,Fear,17,67914.42,0.5230769230769231,7.372307692307692,65,0.5692307692307692
2024-04-19,Greed,87,-43365.58,0.41333333333333333,10.622666666666667,75,0.5733333333333334
2024-04-20,Greed,65,31393.979999999996,0.64,9.793333333333333,75,0.49333333333333335
2024-04-21,Fear,32,-130669.8,0.5070422535211268,7.2239436619718305,71,0.36619718309859156
2024-04-22,Fear,22,-125127.5,0.44,8.15,100,0.44
2024-04-23,Fear,15,-85152.02,0.47297297297297297,7.045945945945945,74,0.4189189189189189
2024-04-24,Greed,57,-115166.26,0.5633802816901409,11.219718309859156,71,0.5774647887323944
2024-04-25,Greed,68,-219788.1,0.5753424657534246,9.919178082191781,73,0.5342465753424658
2024-04-26,Fear,23,-22350.57,0.4268292682926829,7.68780487804878,82,0.3780487804878049
2024-04-27,Greed,83,28330.379999999997,0.5362318840579711,9.592753623188406,69,0.5942028985507246
2024-04-28,Greed,86,-55462.50000000001,0.4423076923076923,11.286538461538461,52,0.6153846153846154
2024-04-29,Fear,32,-170619.13000000003,0.4375,7.21125,80,0.45
2024-04-30,Fear,13,7756.55,0.5217391304347826,7.963768115942029,69,0.37681159420289856
2024-05-01,Greed,60,111844.23999999999,0.5647058823529412,10.212941176470588,85,0.6235294117647059
2024-05-02,Greed,68,-90827.29000000001,0.6470588235294118,9.941176470588236,51,0.5490196078431373
2024-05-03,Greed,72,375508.74,0.5324675324675324,10.696103896103896,77,0.5324675324675324
2024-05-04,Fear,15,186474.79,0.5483870967741935,8.404838709677419,62,0.45161290322580644
2024-05-05,Greed,63,201088.75,0.6436781609195402,11.190804597701149,87,0.632183908045977
2024-05-06,Greed,78,-224044.96000000002,0.5348837209302325,11.034883720930232,86,0.6511627906976745
2024-05-07,Fear,22,-93849.31,0.40625,7.2734375,64,0.40625
2024-05-08,Fear,42,-39249.78,0.47368421052631576,7.178947368421053,76,0.4342105263157895
2024-05-09,Fear,21,40219.409999999996,0.5125,7.3637500000000005,80,0.4625
2024-05-10,Fear,30,-3050.5399999999963,0.5217391304347826,7.839130434782608,69,0.36231884057971014
2024-05-11,Fear,20,27631.300000000007,0.43478260869565216,7.992753623188406,69,0.463768115942029
2024-05-12,Fear,15,-62032.25,0.3880597014925373,8.270149253731343,67,0.4925373134328358
2024-05-13,Fear,44,-44518.73999999999,0.5,8.004166666666666,72,0.4027777777777778
2024-05-14,Greed,59,-464561.33,0.5540540540540541,10.978378378378379,74,0.5945945945945946
2024-05-15,Fear,40,-68146.12,0.42857142857142855,8.153968253968255,63,0.47619047619047616
2024-05-16,Greed,88,-86842.11,0.6172839506172839,10.735802469135804,81,0.6790123456790124
2024-05-17,Greed,70,142864.17,0.5,10.21,70,0.6571428571428571
2024-05-18,Greed,77,16676.09000000001,0.4696969696969697,10.012121212121212,66,0.5454545454545454
2024-05-19,Fear,31,-136301.61,0.3815789473684211,8.12763157894737,76,0.4342105263157895
2024-05-20,Greed,62,9938.45000000001,0.5223880597014925,11.738805970149254,67,0.5970149253731343
2024-05-21,Greed,69,-4214.000000000002,0.6111111111111112,10.538888888888888,72,0.6527777777777778
2024-05-22,Fear,23,21265.85,0.43283582089552236,7.6850746268656716,67,0.40298507462686567
2024-05-23,Greed,56,24439.679999999993,0.5526315789473685,10.444736842105263,76,0.6052631578947368
2024-05-24,Fear,12,-197393.85,0.4225352112676056,7.814084507042253,71,0.43661971830985913
2024-05-25,Greed,88,-91960.13,0.46835443037974683,10.263291139240506,79,0.6329113924050633
2024-05-26,Greed,65,3039.5299999999947,0.47560975609756095,11.28048780487805,82,0.6463414634146342
2024-05-27,Greed,75,133144.28000000003,0.56,10.321333333333333,75,0.6533333333333333
2024-05-28,Fear,38,-95436.15,0.4307692307692308,8.223076923076922,65,0.4461538461538462
2024-05-29,Greed,92,331512.97000000003,0.5977011494252874,11.332183908045977,87,0.5402298850574713
2024-05-30,Greed,65,-69199.96999999999,0.527027027027027,11.336486486486486,74,0.7027027027027027
2024-05-31,Greed,72,279491.19,0.5588235294117647,11.435294117647059,68,0.6764705882352942
2024-06-01,Greed,89,147363.08000000002,0.5569620253164557,11.788607594936709,79,0.5443037974683544
2024-06-02,Fear,41,-230746.39,0.36363636363636365,7.506818181818182,88,0.3977272727272727
2024-06-03,Greed,62,185351.8,0.5903614457831325,10.020481927710843,83,0.6506024096385542
2024-06-04,Greed,87,62537.729999999996,0.5070422535211268,10.55774647887324,71,0.6338028169014085
2024-06-05,Greed,73,-47437.59,0.5609756097560976,10.813414634146342,82,0.6097560975609756
2024-06-06,Greed,74,2163.1599999999908,0.5217391304347826,9.953623188405796,69,0.6666666666666666
2024-06-07,Fear,10,-107096.72,0.3684210526315789,7.98421052631579,57,0.43859649122807015
2024-06-08,Greed,58,169063.47,0.6111111111111112,9.48611111111111,72,0.6527777777777778
2024-06-09,Fear,22,23028.399999999998,0.5076923076923077,7.055384615384615,65,0.36923076923076925
2024-06-10,Fear,13,287298.81999999995,0.4819277108433735,7.697590361445783,83,0.43373493975903615
2024-06-11,Fear,24,-42662.590000000004,0.44155844155844154,7.676623376623377,77,0.4935064935064935
2024-06-12,Fear,7,-100064.62999999999,0.42857142857142855,6.696103896103897,77,0.4805194805194805
2024-06-13,Fear,28,-28267.039999999997,0.4383561643835616,7.998630136986301,73,0.4657534246575342
2024-06-14,Greed,61,-188342.3,0.5,11.13125,64,0.59375
2024-06-15,Fear,36,-142206.62,0.3815789473684211,8.297368421052632,76,0.34210526315789475
2024-06-16,Greed,60,-136210.12,0.5342465753424658,10.39178082191781,73,0.6164383561643836
2024-06-17,Fear,23,-130273.7,0.3181818181818182,7.056060606060606,66,0.4696969696969697
2024-06-18,Fear,5,-101008.23999999999,0.4189189189189189,7.85,74,0.4864864864864865
2024-06-19,Greed,93,109518.43,0.6571428571428571,10.064285714285715,70,0.5428571428571428
2024-06-20,Fear,20,-20626.609999999997,0.3673469387755102,7.214285714285714,98,0.4387755102040816
2024-06-21,Greed,57,-31046.67999999999,0.5,10.245121951219513,82,0.6585365853658537
2024-06-22,Greed,66,-34924.920000000006,0.5277777777777778,10.587499999999999,72,0.5972222222222222
2024-06-23,Greed,65,-111263.45999999999,0.5909090909090909,9.553409090909092,88,0.6477272727272727
2024-06-24,Greed,64,13651.599999999999,0.5217391304347826,11.386956521739132,69,0.7246376811594203
2024-06-25,Fear,39,-212413.74,0.5,7.527500000000001,80,0.45
2024-06-26,Fear,36,33798.020000000004,0.4507042253521127,7.092957746478874,71,0.5070422535211268
2024-06-27,Fear,6,26449.800000000003,0.4942528735632184,7.970114942528736,87,0.47126436781609193
2024-06-28,Greed,85,-261781.98,0.6666666666666666,11.130769230769232,78,0.6410256410256411
2024-06-29,Greed,72,-298163.43,0.41333333333333333,11.46,75,0.5733333333333334
2024-06-30,Greed,86,-152145.49000000002,0.46835443037974683,9.998734177215189,79,0.5949367088607594
2024-07-01,Greed,57,56076.48,0.5084745762711864,10.071186440677966,59,0.6101694915254238
2024-07-02,Fear,10,-11379.570000000002,0.3291139240506329,8.09620253164557,79,0.4810126582278481
2024-07-03,Fear,24,158249.7,0.5595238095238095,7.2785714285714285,84,0.2976190476190476
2024-07-04,Greed,57,73861.02999999998,0.573170731707317,10.846341463414634,82,0.573170731707317
2024-07-05,Greed,91,-2500.140000000015,0.47297297297297297,10.095945945945946,74,0.6081081081081081
2024-07-06,Fear,27,32044.28,0.46153846153846156,8.405128205128205,78,0.44871794871794873
2024-07-07,Fear,5,-100609.77,0.4805194805194805,7.557142857142857,77,0.4155844155844156
2024-07-08,Fear,18,16459.83,0.4235294117647059,7.250588235294117,85,0.35294117647058826
2024-07-09,Greed,68,43868.5,0.6231884057971014,9.979710144927537,69,0.6376811594202898
2024-07-10,Greed,90,-309371.66,0.4891304347826087,11.876086956521737,92,0.5652173913043478
2024-07-11,Greed,55,-161091.83,0.5441176470588235,9.879411764705882,68,0.5588235294117647
2024-07-12,Greed,81,203301.97,0.5316455696202531,10.424050632911392,79,0.5949367088607594
2024-07-13,Fear,8,-96529.77,0.5138888888888888,7.134722222222223,72,0.5
2024-07-14,Greed,77,-370045.12,0.5955056179775281,10.675280898876405,89,0.6179775280898876
2024-07-15,Fear,10,-33797.93,0.5,8.604166666666666,72,0.3611111111111111
2024-07-16,Fear,27,-45589.16,0.5375,7.9575000000000005,80,0.3625
2024-07-17,Fear,32,-139353.66,0.4523809523809524,7.4035714285714285,84,0.40476190476190477
2024-07-18,Fear,37,-158170.68999999997,0.4155844155844156,8.115584415584415,77,0.45454545454545453
2024-07-19,Fear,13,135133.28,0.5211267605633803,7.180281690140845,71,0.4507042253521127
2024-07-20,Fear,11,-40942.78999999999,0.42528735632183906,7.111494252873563,87,0.47126436781609193
2024-07-21,Fear,9,-57140.06999999999,0.48,7.397333333333333,75,0.4533333333333333
2024-07-22,Fear,30,-281139.41,0.36231884057971014,7.953623188405796,69,0.4057971014492754
2024-07-23,Greed,62,-31241.14,0.5263157894736842,10.319298245614036,57,0.6491228070175439
2024-07-24,Greed,77,-10460.59,0.6,11.249333333333334,75,0.5866666666666667
2024-07-25,Greed,73,85689.34,0.5606060606060606,10.883333333333333,66,0.7272727272727273
2024-07-26,Fear,7,-45051.00000000001,0.4782608695652174,7.443478260869566,69,0.391304347826087
2024-07-27,Fear,26,-34445.93,0.463768115942029,7.892753623188407,69,0.463768115942029
2024-07-28,Greed,68,221471.94,0.6103896103896104,10.21038961038961,77,0.6233766233766234
2024-07-29,Fear,39,-144352.79,0.3977272727272727,7.290909090909091,88,0.4318181818181818
2024-07-30,Greed,61,195200.81,0.5512820512820513,12.282051282051283,78,0.6025641025641025
2024-07-31,Greed,64,-90852.72,0.5113636363636364,10.476136363636364,88,0.6022727272727273
2024-08-01,Fear,18,-19999.9,0.41975308641975306,7.807407407407407,81,0.4567901234567901
2024-08-02,Fear,37,-315948.83,0.3380281690140845,7.284507042253522,71,0.39436619718309857
2024-08-03,Fear,8,-47818.22,0.4878048780487805,7.685365853658537,82,0.5121951219512195
2024-08-04,Fear,40,104282.90000000001,0.4805194805194805,7.7727272727272725,77,0.45454545454545453
2024-08-05,Greed,59,18950.729999999996,0.49295774647887325,9.5,71,0.704225352112676
2024-08-06,Greed,89,508023.19,0.6823529411764706,10.75529411764706,85,0.6235294117647059
2024-08-07,Greed,83,64652.96000000001,0.64,11.178666666666667,75,0.6133333333333333
2024-08-08,Fear,30,-148601.75999999998,0.4691358024691358,8.461728395061728,81,0.43209876543209874
2024-08-09,Fear,26,-26556.86,0.4931506849315068,6.8342465753424655,73,0.5205479452054794
2024-08-10,Fear,34,34950.22,0.5303030303030303,7.806060606060607,66,0.48484848484848486
2024-08-11,Fear,8,-10797.990000000002,0.449438202247191,6.67191011235955,89,0.449438202247191
2024-08-12,Fear,7,-148949.13,0.42857142857142855,8.504285714285714,70,0.4857142857142857
2024-08-13,Fear,14,-39691.85,0.47126436781609193,7.294252873563218,87,0.3563218390804598
2024-08-14,Fear,11,78574.45999999999,0.4642857142857143,7.280952380952381,84,0.27380952380952384
2024-08-15,Greed,92,492111.48000000004,0.5428571428571428,11.110000000000001,70,0.5714285714285714
2024-08-16,Greed,88,-34451.619999999995,0.6551724137931034,10.774137931034483,58,0.5172413793103449
2024-08-17,Greed,81,-60369.39999999998,0.5857142857142857,9.778571428571428,70,0.5142857142857142
2024-08-18,Fear,18,-152442.83,0.4117647058823529,7.636470588235294,85,0.43529411764705883
2024-08-19,Fear,12,-42172.58,0.4492753623188406,7.866666666666666,69,0.4782608695652174
2024-08-20,Greed,81,59905.130000000005,0.5681818181818182,11.021590909090909,88,0.5909090909090909
2024-08-21,Greed,76,23018.719999999998,0.5142857142857142,11.404285714285713,70,0.6142857142857143
2024-08-22,Greed,57,-242176.94999999998,0.5443037974683544,10.574683544303797,79,0.6708860759493671
2024-08-23,Greed,75,14466.229999999983,0.5405405405405406,9.99054054054054,74,0.7162162162162162
2024-08-24,Greed,87,-117396.47,0.5569620253164557,9.944303797468354,79,0.6329113924050633
2024-08-25,Greed,73,-58003.020000000004,0.44285714285714284,11.455714285714285,70,0.6142857142857143
2024-08-26,Greed,57,1615378.57,0.5694444444444444,11.018055555555556,72,0.75
2024-08-27,Greed,86,-887191.5499999999,0.5764705882352941,11.085882352941177,85,0.6588235294117647
2024-08-28,Greed,63,-78416.37000000001,0.6268656716417911,12.861194029850747,67,0.582089552238806
2024-08-29,Greed,65,-47151.23000000001,0.6349206349206349,11.006349206349206,63,0.6031746031746031
2024-08-30,Greed,61,39313.92999999997,0.6024096385542169,11.279518072289157,83,0.5421686746987951
2024-08-31,Greed,68,-32498.259999999995,0.5679012345679012,11.206172839506173,81,0.7037037037037037
2024-09-01,Greed,85,289452.85000000003,0.5529411764705883,9.59529411764706,85,0.5176470588235295
2024-09-02,Fear,15,-57589.53,0.4186046511627907,7.112790697674419,86,0.4069767441860465
2024-09-03,Fear,23,-103597.39,0.37209302325581395,7.71860465116279,86,0.47674418604651164
2024-09-04,Greed,90,74776.41,0.5555555555555556,10.463888888888889,72,0.5972222222222222
2024-09-05,Fear,34,-21323.460000000003,0.4647887323943662,7.28169014084507,71,0.49295774647887325
2024-09-06,Fear,34,-101613.70999999999,0.4805194805194805,7.974025974025974,77,0.4025974025974026
2024-09-07,Greed,64,93680.45999999999,0.47058823529411764,10.157352941176471,68,0.6764705882352942
2024-09-08,Fear,18,90881.79000000001,0.5342465753424658,7.698630136986301,73,0.3972602739726027
2024-09-09,Fear,19,-49534.67,0.543859649122807,7.524561403508772,57,0.45614035087719296
2024-09-10,Fear,44,-45350.770000000004,0.44594594594594594,6.86081081081081,74,0.40540540540540543
2024-09-11,Greed,56,-125871.02,0.5238095238095238,10.953968253968254,63,0.5079365079365079
2024-09-12,Fear,39,-17528.87,0.45454545454545453,8.22987012987013,77,0.35064935064935066
2024-09-13,Fear,28,-145132.81,0.35526315789473684,8.36578947368421,76,0.39473684210526316
2024-09-14,Fear,22,-178365.35,0.43283582089552236,7.526865671641791,67,0.373134328358209
2024-09-15,Fear,34,-30947.640000000007,0.44871794871794873,8.021794871794873,78,0.48717948717948717
2024-09-16,Fear,24,-19975.020000000004,0.5342465753424658,7.493150684931507,73,0.4657534246575342
2024-09-17,Fear,39,-49075.340000000004,0.5,7.444999999999999,60,0.48333333333333334
2024-09-18,Fear,41,-19245.729999999996,0.43529411764705883,6.504705882352941,85,0.49411764705882355
2024-09-19,Fear,21,-28219.48,0.47191011235955055,7.432584269662922,89,0.43820224719101125
2024-09-20,Greed,70,127047.17,0.5604395604395604,11.320879120879122,91,0.6483516483516484
2024-09-21,Greed,86,-116125.73000000001,0.52,10.816,75,0.5733333333333334
2024-09-22,Greed,93,-359844.12,0.5,10.166666666666666,60,0.5833333333333334
2024-09-23,Fear,13,-55611.770000000004,0.49295774647887325,7.5154929577464795,71,0.4507042253521127
2024-09-24,Greed,75,-90591.1,0.5697674418604651,10.944186046511629,86,0.627906976744186
2024-09-25,Greed,66,-154727.57,0.4473684210526316,10.861842105263158,76,0.6710526315789473
2024-09-26,Greed,86,-26212.67,0.5555555555555556,10.031944444444443,72,0.5694444444444444
2024-09-27,Greed,78,-139820.66999999998,0.5540540540540541,10.416216216216215,74,0.5945945945945946
2024-09-28,Greed,80,-13422.189999999995,0.46987951807228917,10.845783132530121,83,0.6144578313253012
2024-09-29,Greed,86,-34691.40999999999,0.5,11.28170731707317,82,0.5975609756097561
2024-09-30,Greed,70,115298.90000000001,0.5636363636363636,10.032727272727271,55,0.5272727272727272
2024-10-01,Greed,91,63020.6,0.5862068965517241,10.841379310344829,87,0.6206896551724138
2024-10-02,Greed,76,-88504.28,0.5645161290322581,10.214516129032257,62,0.5967741935483871
2024-10-03,Greed,61,191576.78000000003,0.4383561643835616,11.415068493150685,73,0.6027397260273972
2024-10-04,Greed,82,-108122.23000000001,0.4318181818181818,10.777272727272727,88,0.6022727272727273
2024-10-05,Greed,86,45064.79,0.5844155844155844,9.962337662337662,77,0.5064935064935064
2024-10-06,Greed,67,38972.36000000002,0.5588235294117647,11.023529411764706,68,0.5735294117647058
2024-10-07,Greed,89,104724.79,0.5783132530120482,10.620481927710843,83,0.5662650602409639
2024-10-08,Fear,22,42907.329999999994,0.5,7.978125,64,0.296875
2024-10-09,Fear,25,-148829.51,0.41025641025641024,8.062820512820512,78,0.358974358974359
2024-10-10,Greed,94,-135189.97,0.5909090909090909,11.012121212121212,66,0.6515151515151515
2024-10-11,Fear,28,-40810.37,0.46153846153846156,7.165384615384615,78,0.3974358974358974
2024-10-12,Fear,11,-9147.140000000001,0.5633802816901409,7.4873239436619725,71,0.49295774647887325
2024-10-13,Fear,20,-15124.789999999999,0.547945205479452,8.565753424657533,73,0.4794520547945205
2024-10-14,Fear,43,-167059.16,0.4268292682926829,7.908536585365853,82,0.3902439024390244
2024-10-15,Fear,15,23116.760000000002,0.5135135135135135,7.786486486486487,74,0.33783783783783783
2024-10-16,Greed,61,-185545.59000000003,0.5492957746478874,11.219718309859156,71,0.4647887323943662
2024-10-17,Greed,72,-77887.20999999999,0.6,10.963076923076924,65,0.7230769230769231
2024-10-18,Greed,79,-24933.000000000004,0.6521739130434783,10.68840579710145,69,0.5942028985507246
2024-10-19,Greed,58,-194554.22,0.5875,11.346250000000001,80,0.625
2024-10-20,Greed,90,96471.13999999998,0.6363636363636364,10.269318181818182,88,0.625
2024-10-21,Fear,23,-64153.64,0.5,6.994871794871795,78,0.44871794871794873
2024-10-22,Fear,14,-15854.640000000001,0.4626865671641791,8.132835820895522,67,0.43283582089552236
2024-10-23,Fear,7,-121202.69,0.3611111111111111,7.955555555555555,72,0.3888888888888889
2024-10-24,Greed,71,-114092.36,0.4805194805194805,10.551948051948052,77,0.6233766233766234
2024-10-25,Greed,94,-219896.74,0.4805194805194805,10.954545454545455,77,0.5194805194805194
2024-10-26,Greed,81,60370.950000000004,0.6153846153846154,10.330769230769231,65,0.5846153846153846
2024-10-27,Greed,80,-102780.51000000001,0.5454545454545454,11.795454545454545,66,0.6515151515151515
2024-10-28,Greed,61,-173515.88,0.48484848484848486,11.38939393939394,66,0.6212121212121212
2024-10-29,Greed,90,-238477.31000000003,0.5060240963855421,11.267469879518073,83,0.6144578313253012
2024-10-30,Greed,72,148483.97,0.6176470588235294,11.097058823529412,68,0.5882352941176471
2024-10-31,Greed,61,101423.59000000001,0.5222222222222223,10.685555555555556,90,0.6777777777777778
2024-11-01,Greed,55,-22622.94999999999,0.45454545454545453,10.681818181818182,88,0.5568181818181818
2024-11-02,Greed,77,66436.60000000002,0.5714285714285714,11.066666666666666,84,0.5833333333333334
2024-11-03,Fear,6,-99765.84,0.37681159420289856,7.1347826086956525,69,0.4782608695652174
2024-11-04,Fear,34,-227.01000000000022,0.45454545454545453,7.718181818181819,88,0.4318181818181818
2024-11-05,Fear,31,-37529.84,0.43137254901960786,7.7558823529411764,102,0.3627450980392157
2024-11-06,Fear,23,-13262.65,0.4927536231884058,6.917391304347826,69,0.37681159420289856
2024-11-07,Greed,84,-91447.39999999998,0.6575342465753424,11.901369863013699,73,0.4794520547945205
2024-11-08,Greed,62,156354.6,0.5873015873015873,10.085714285714285,63,0.6507936507936508
2024-11-09,Greed,89,212951.67,0.5952380952380952,10.791666666666666,84,0.6547619047619048
2024-11-10,Fear,39,-64411.53,0.4787234042553192,7.157446808510638,94,0.39361702127659576
2024-11-11,Greed,76,-257504.86000000002,0.5454545454545454,10.41948051948052,77,0.5974025974025974
2024-11-12,Fear,9,7069.2799999999925,0.5352112676056338,7.092957746478874,71,0.43661971830985913
2024-11-13,Fear,15,-118579.89,0.373134328358209,7.753731343283582,67,0.4626865671641791
2024-11-14,Fear,7,65594.73999999999,0.4823529411764706,7.0058823529411764,85,0.4235294117647059
2024-11-15,Greed,87,-228136.2,0.5540540540540541,11.08108108108108,74,0.6351351351351351
2024-11-16,Fear,42,-15177.829999999998,0.5402298850574713,6.667816091954023,87,0.39080459770114945
2024-11-17,Fear,6,-74513.38,0.43529411764705883,7.525882352941177,85,0.47058823529411764
2024-11-18,Fear,9,-70796.54,0.4268292682926829,7.3914634146341465,82,0.3048780487804878
2024-11-19,Fear,23,-62737.32000000001,0.39285714285714285,7.5,84,0.42857142857142855
2024-11-20,Greed,68,-406802.85000000003,0.4861111111111111,10.086111111111112,72,0.5972222222222222
2024-11-21,Greed,61,-171365.1,0.5066666666666667,10.230666666666666,75,0.64
2024-11-22,Greed,83,-27615.15000000001,0.5714285714285714,11.774025974025975,77,0.6493506493506493
2024-11-23,Greed,88,-87756.54000000001,0.5072463768115942,10.644927536231885,69,0.6521739130434783
2024-11-24,Greed,59,-26895.690000000002,0.4714285714285714,10.324285714285715,70,0.5714285714285714
2024-11-25,Greed,64,-103679.29,0.47191011235955055,10.597752808988764,89,0.6067415730337079
2024-11-26,Greed,60,62190.69000000001,0.5714285714285714,11.241558441558443,77,0.6233766233766234
2024-11-27,Greed,68,165434.61000000002,0.6623376623376623,10.309090909090909,77,0.6623376623376623
2024-11-28,Greed,73,778248.68,0.573170731707317,11.064634146341463,82,0.6341463414634146
2024-11-29,Greed,84,383333.06999999995,0.6119402985074627,10.037313432835822,67,0.5522388059701493
2024-11-30,Greed,81,73177.39000000001,0.5789473684210527,10.94342105263158,76,0.6052631578947368
2024-12-01,Greed,79,60930.189999999995,0.5490196078431373,11.77450980392157,51,0.6470588235294118
2024-12-02,Greed,69,100398.02,0.550561797752809,11.997752808988764,89,0.6179775280898876
2024-12-03,Greed,88,51719.569999999985,0.5970149253731343,9.913432835820895,67,0.7164179104477612
2024-12-04,Greed,73,259796.07,0.6,9.751666666666667,60,0.6166666666666667
2024-12-05,Greed,94,-140191.13000000003,0.6056338028169014,10.73380281690141,71,0.7746478873239436
2024-12-06,Greed,80,220348.27000000002,0.631578947368421,9.75921052631579,76,0.4868421052631579
2024-12-07,Fear,17,66499.07,0.4810126582278481,7.940506329113925,79,0.4050632911392405
2024-12-08,Fear,33,-229980.57,0.38961038961038963,8.385714285714286,77,0.45454545454545453
2024-12-09,Greed,68,31431.519999999997,0.5909090909090909,10.963636363636363,88,0.6931818181818182
2024-12-10,Greed,82,345706.77,0.5714285714285714,11.625974025974026,77,0.6233766233766234
2024-12-11,Fear,43,-13567.920000000002,0.5066666666666667,7.437333333333333,75,0.6
2024-12-12,Greed,61,-91130.78,0.5675675675675675,10.855405405405405,74,0.5945945945945946
2024-12-13,Greed,89,15287.140000000007,0.5113636363636364,10.385227272727272,88,0.6704545454545454
2024-12-14,Greed,64,32049.340000000007,0.5975609756097561,10.317073170731707,82,0.6829268292682927
2024-12-15,Greed,88,-181816.14,0.4631578947368421,12.296842105263158,95,0.5578947368421052
2024-12-16,Greed,66,115611.84,0.5074626865671642,10.780597014925373,67,0.6268656716417911
2024-12-17,Fear,32,2416.9000000000015,0.5942028985507246,6.931884057971015,69,0.5072463768115942
2024-12-18,Greed,82,82240.41000000002,0.4657534246575342,10.786301369863013,73,0.5753424657534246
2024-12-19,Fear,42,4313.85,0.5352112676056338,7.8154929577464785,71,0.43661971830985913
2024-12-20,Fear,32,-19910.15,0.4714285714285714,6.821428571428571,70,0.38571428571428573
2024-12-21,Greed,63,-82235.64,0.5178571428571429,10.726785714285715,56,0.625
2024-12-22,Fear,29,-7409.27,0.3614457831325301,7.520481927710844,83,0.5662650602409639
2024-12-23,Fear,39,-28348.609999999997,0.3870967741935484,8.12741935483871,62,0.45161290322580644
2024-12-24,Fear,27,-49895.600000000006,0.5185185185185185,8.414814814814815,81,0.3333333333333333
2024-12-25,Greed,92,150597.33,0.525,11.1175,80,0.725
2024-12-26,Greed,89,5512.349999999991,0.5555555555555556,11.023611111111112,72,0.6111111111111112
2024-12-27,Fear,32,-55944.76,0.47692307692307695,8.069230769230769,65,0.36923076923076925
2024-12-28,Fear,32,-126450.82,0.5,7.55,64,0.40625
2024-12-29,Greed,81,121958.46999999996,0.4935064935064935,10.576623376623376,77,0.5714285714285714
2024-12-30,Greed,65,-85014.9,0.6,10.378571428571428,70,0.6714285714285714
2024-12-31,Greed,91,133719.59,0.5633802816901409,10.859154929577464,71,0.7464788732394366
